level,flow
3.391,7.837
3.399,7.382
3.3969999999999994,7.535
3.388,7.664
3.396,7.474
3.3839999999999995,7.21
3.394,7.477
3.3919999999999995,7.093
3.396,6.893
3.393,6.474
3.3919999999999995,6.39
3.3899999999999997,5.937
3.394,5.989
3.399,5.876
3.394,6.249
3.3889999999999993,6.66
3.396,6.871
3.396,6.478
3.3949999999999996,7.314
3.388,7.08
3.391,6.622
3.3869999999999996,6.788
3.3819999999999997,6.513
3.3899999999999997,6.883
3.385,6.524
3.3759999999999994,5.894
3.3839999999999995,6.457
3.383,6.302
3.3819999999999997,6.614
3.3839999999999995,5.84
3.377,6.012
3.38,6.225
3.3759999999999994,6.061
3.3739999999999997,7.357
3.377,6.665
3.3689999999999998,4.702
3.378,5.637
3.3729999999999993,6.29
3.3839999999999995,6.022
3.378,6.323
3.3789999999999996,6.79
3.388,7.581
3.3839999999999995,5.778
3.378,5.215
3.3869999999999996,11.728
3.388,5.494
3.375,6.521
3.3889999999999993,8.463
3.383,8.637
3.3729999999999993,8.954
3.393,5.459
3.3999999999999995,11.449
3.4059999999999997,9.7
3.409,7.685
3.41,10.63
3.388,8.796
3.4049999999999994,9.0
3.4159999999999995,9.406
3.412,9.157
3.409,10.52
3.418,7.808
3.423,10.194
3.41,8.902
3.417,10.166
3.4159999999999995,12.064
3.423,7.921
3.4219999999999997,11.417
3.428,9.227
3.4029999999999996,12.325
3.404,8.076
3.4139999999999997,10.921
3.4079999999999995,9.212
3.41,10.598
3.4079999999999995,9.313
3.4079999999999995,10.516
3.423,9.17
3.418,10.675
3.4209999999999994,8.671
3.4129999999999994,10.425
3.402,8.864
3.399,8.887
3.4049999999999994,8.702
3.409,7.514
3.4079999999999995,9.092
3.3969999999999994,7.525
3.3999999999999995,8.61
3.399,8.148
3.4049999999999994,8.854
3.3899999999999997,6.577
3.3949999999999996,8.075
3.4079999999999995,7.915
3.4049999999999994,8.049
3.393,8.489
3.391,6.667
3.3969999999999994,7.564
3.396,6.893
3.3889999999999993,7.544
3.3979999999999997,8.641
3.3899999999999997,6.627
3.388,8.278
3.3949999999999996,6.64
3.3869999999999996,6.376
3.386,7.486
3.3899999999999997,6.804
3.3789999999999996,7.059
3.3839999999999995,6.02
3.378,6.645
3.386,6.078
3.3869999999999996,5.268
3.391,4.764
3.3889999999999993,4.208
3.401,0.784
3.3969999999999994,2.992
3.3969999999999994,6.479
3.3979999999999997,9.589
3.3969999999999994,4.231
3.3949999999999996,5.47
3.4059999999999997,9.293
3.3869999999999996,5.394
3.3839999999999995,5.493
3.391,6.119
3.3919999999999995,7.831
3.3789999999999996,5.366
3.385,5.104
3.3729999999999993,6.796
3.3839999999999995,6.077
3.3789999999999996,5.621
3.375,5.427
3.378,6.045
3.37,7.363
3.362,4.559
3.375,5.281
3.3809999999999993,4.207
3.3739999999999997,6.426
3.385,6.936
3.3679999999999994,5.126
3.3609999999999998,6.266
3.375,9.151
3.3889999999999993,6.633
3.378,6.153
3.3839999999999995,8.747
3.393,7.933
3.3789999999999996,8.35
3.378,6.442
3.38,10.177
3.3739999999999997,8.157
3.391,9.394
3.396,8.322
3.388,10.773
3.386,7.322
3.396,12.061
3.407,6.795
3.394,10.969
3.394,10.843
3.407,9.504
3.4049999999999994,7.847
3.4139999999999997,9.0
3.4049999999999994,11.543
3.4049999999999994,7.64
3.4139999999999997,7.833
3.4159999999999995,11.024
3.418,10.021
3.4299999999999997,11.1
3.418,10.199
3.425,12.697
3.4269999999999996,9.066
3.4159999999999995,11.913
3.418,10.189
3.417,12.146
3.4189999999999996,10.734
3.4109999999999996,10.051
3.4129999999999994,10.413
3.404,11.323
3.404,9.962
3.4079999999999995,9.771
3.4059999999999997,12.684
3.4059999999999997,9.738
3.402,9.7
3.407,11.096
3.3969999999999994,10.83
3.4049999999999994,10.139
3.402,9.303
3.4059999999999997,10.189
3.3969999999999994,9.565
3.3999999999999995,8.969
3.401,9.349
3.4059999999999997,9.058
3.3999999999999995,9.085
3.399,8.74
3.409,8.602
3.409,8.466
3.401,8.558
3.404,8.296
3.399,8.226
3.404,8.141
3.3969999999999994,8.172
3.3969999999999994,7.858
3.394,7.857
3.393,7.798
3.4029999999999996,8.072
3.402,7.849
3.401,7.606
3.3979999999999997,7.644
3.3949999999999996,7.565
3.3919999999999995,7.476
3.3919999999999995,7.306
3.399,7.103
3.393,6.467
3.4049999999999994,6.296
3.3949999999999996,5.779
3.407,5.673
3.4059999999999997,5.847
3.4079999999999995,6.976
3.41,7.071
3.3979999999999997,6.894
3.396,7.141
3.404,7.26
3.3999999999999995,7.148
3.401,7.045
3.3999999999999995,6.961
3.393,7.242
3.394,6.793
3.396,6.591
3.394,6.663
3.391,7.02
3.393,7.269
3.388,6.28
3.3919999999999995,6.04
3.391,6.453
3.401,6.956
3.3919999999999995,6.199
3.3889999999999993,6.33
3.393,8.116
3.404,7.332
3.396,7.69
3.3949999999999996,6.763
3.3969999999999994,8.874
3.3919999999999995,7.585
3.383,6.953
3.388,10.156
3.3969999999999994,5.246
3.383,7.596
3.375,6.792
3.3809999999999993,8.759
3.393,7.487
3.3979999999999997,5.517
3.385,9.934
3.383,8.442
3.375,5.832
3.3689999999999998,8.553
3.3869999999999996,9.567
3.3709999999999996,10.168
3.3899999999999997,10.079
3.393,9.344
3.3949999999999996,10.207
3.3889999999999993,10.338
3.396,6.459
3.4079999999999995,8.158
3.4159999999999995,7.312
3.3969999999999994,6.469
3.402,7.439
3.4049999999999994,12.08
3.402,8.684
3.407,10.12
3.4059999999999997,9.297
3.3979999999999997,8.262
3.3949999999999996,7.722
3.3969999999999994,8.915
3.393,10.202
3.3979999999999997,7.424
3.3949999999999996,7.832
3.3899999999999997,8.364
3.396,9.341
3.3919999999999995,7.725
3.3899999999999997,8.358
3.393,9.304
3.391,8.212
3.3839999999999995,8.31
3.3899999999999997,8.297
3.394,9.268
3.393,8.056
3.394,8.173
3.394,9.389
3.3949999999999996,8.477
3.394,8.915
3.3839999999999995,8.368
3.3869999999999996,9.102
3.3949999999999996,8.123
3.3889999999999993,7.577
3.3869999999999996,8.895
3.3869999999999996,7.323
3.3819999999999997,7.775
3.385,8.536
3.393,8.158
3.3789999999999996,8.296
3.386,7.925
3.3869999999999996,7.985
3.386,7.699
3.385,7.716
3.3789999999999996,7.554
3.3789999999999996,7.005
3.3759999999999994,8.072
3.375,6.246
3.372,7.458
3.383,6.121
3.3839999999999995,6.301
3.3839999999999995,5.079
3.4059999999999997,3.361
3.4289999999999994,7.558
3.4589999999999996,19.013
3.4319999999999995,10.847
3.415,2.323
3.425,10.853
3.4239999999999995,12.002
3.4109999999999996,6.391
3.401,7.073
3.407,11.186
3.399,8.241
3.3889999999999993,7.99
3.3869999999999996,8.85
3.3839999999999995,7.465
3.3759999999999994,7.864
3.388,7.753
3.3809999999999993,7.204
3.3839999999999995,8.006
3.383,8.108
3.3869999999999996,6.516
3.3819999999999997,6.646
3.3729999999999993,7.836
3.375,6.111
3.385,10.786
3.378,3.133
3.383,10.771
3.372,5.746
3.3819999999999997,4.329
3.378,8.463
3.3899999999999997,7.673
3.3949999999999996,8.045
3.391,3.484
3.386,8.372
3.3899999999999997,6.876
3.385,9.282
3.3839999999999995,4.0
3.391,6.851
3.394,7.445
3.388,7.676
3.393,6.754
3.3809999999999993,6.832
3.383,6.526
3.38,5.056
3.3789999999999996,7.897
3.391,3.576
3.393,5.473
3.407,3.899
3.426,3.022
3.463,18.371
3.444,11.766
3.4129999999999994,3.022
3.415,11.199
3.425,10.498
3.409,6.323
3.4029999999999996,6.734
3.4059999999999997,12.311
3.394,8.41
3.385,5.946
3.386,9.634
3.388,9.065
3.3759999999999994,7.339
3.38,7.578
3.3789999999999996,9.455
3.3729999999999993,8.342
3.377,7.21
3.3709999999999996,8.56
3.3739999999999997,10.116
3.3649999999999993,6.787
3.37,7.257
3.3579999999999997,7.91
3.3679999999999994,7.939
3.3569999999999993,7.542
3.3549999999999995,7.845
3.3529999999999998,7.884
3.3599999999999994,7.239
3.3599999999999994,7.286
3.3569999999999993,7.267
3.3569999999999993,7.392
3.351,7.119
3.3449999999999998,7.915
3.3449999999999998,7.822
3.343,6.855
3.343,6.663
3.3409999999999993,7.396
3.351,7.271
3.3519999999999994,6.488
3.3469999999999995,6.69
3.3489999999999993,6.958
3.338,6.707
3.3419999999999996,6.023
3.343,6.457
3.3409999999999993,6.47
3.338,5.485
3.3489999999999993,4.93
3.354,5.323
3.372,3.083
3.396,10.157
3.404,11.355
3.3759999999999994,0.894
3.3789999999999996,3.704
3.3839999999999995,11.347
3.3869999999999996,6.457
3.37,3.357
3.3759999999999994,7.488
3.375,8.654
3.364,8.29
3.3579999999999997,3.394
3.367,8.02
3.3709999999999996,6.667
3.3629999999999995,5.867
3.362,4.357
3.362,9.066
3.37,7.566
3.3649999999999993,4.399
3.3679999999999994,6.632
3.3739999999999997,10.068
3.362,5.833
3.3649999999999993,6.697
3.38,6.041
3.3789999999999996,9.715
3.388,8.715
3.3689999999999998,6.352
3.372,8.189
3.3839999999999995,8.134
3.377,7.648
3.372,9.32
3.386,6.324
3.3729999999999993,11.107
3.3709999999999996,7.286
3.3689999999999998,7.725
3.378,8.277
3.3839999999999995,7.549
3.378,10.599
3.3969999999999994,7.562
3.3969999999999994,9.838
3.391,8.833
3.3889999999999993,8.591
3.3889999999999993,6.542
3.3919999999999995,7.396
3.399,11.206
3.4049999999999994,4.182
3.4379999999999997,2.312
3.428,7.321
3.4529999999999994,14.861
3.447,16.085
3.439,8.674
3.434,10.719
3.4319999999999995,14.127
3.4209999999999994,10.457
3.409,12.132
3.417,9.627
3.4189999999999996,10.395
3.4159999999999995,10.423
3.415,8.513
3.41,9.738
3.4049999999999994,8.365
3.4059999999999997,9.022
3.3969999999999994,8.646
3.396,8.445
3.401,8.758
3.4029999999999996,8.449
3.3979999999999997,8.343
3.3949999999999996,8.17
3.404,8.794
3.404,8.055
3.393,8.008
3.3979999999999997,7.693
3.401,7.956
3.3979999999999997,7.975
3.3899999999999997,7.534
3.3969999999999994,7.673
3.393,7.652
3.3969999999999994,7.15
3.386,7.339
3.3919999999999995,7.43
3.3839999999999995,7.05
3.38,6.899
3.3819999999999997,6.999
3.3809999999999993,6.885
3.386,6.844
3.377,6.658
3.3839999999999995,6.439
3.3809999999999993,6.728
3.377,6.242
3.3789999999999996,6.447
3.3729999999999993,6.459
3.386,7.033
3.385,6.084
3.375,5.355
3.38,5.102
3.378,5.912
3.3899999999999997,3.824
3.388,3.699
3.3889999999999993,5.426
3.394,6.277
3.3899999999999997,5.801
3.38,5.998
3.38,6.464
3.3819999999999997,6.387
3.3819999999999997,6.449
3.3819999999999997,7.462
3.3819999999999997,6.483
3.3689999999999998,6.684
3.3839999999999995,7.992
3.3789999999999996,7.51
3.3739999999999997,5.631
3.375,8.517
3.3869999999999996,7.108
3.377,5.485
3.3759999999999994,7.305
3.3809999999999993,6.488
3.393,9.367
3.3969999999999994,7.303
3.3739999999999997,6.982
3.367,5.861
3.383,8.77
3.3889999999999993,7.258
3.38,6.785
3.375,8.939
3.3809999999999993,9.401
3.375,9.845
3.3869999999999996,7.207
3.402,9.763
3.38,12.271
3.386,9.446
3.3889999999999993,10.871
3.3839999999999995,12.301
3.385,12.003
3.3609999999999998,12.566
3.377,10.278
3.3739999999999997,8.273
3.3759999999999994,10.552
3.3789999999999996,9.958
3.378,10.537
3.385,19.339
3.3919999999999995,10.767
3.391,15.817
3.3869999999999996,14.819
3.3839999999999995,12.756
3.402,9.535
3.4029999999999996,3.122
3.4079999999999995,8.811
3.418,13.683
3.399,7.305
3.3919999999999995,8.639
3.4049999999999994,10.189
3.3949999999999996,9.591
3.3889999999999993,8.07
3.3889999999999993,8.758
3.3979999999999997,9.98
3.3949999999999996,9.234
3.3869999999999996,8.598
3.3919999999999995,8.941
3.3839999999999995,9.431
3.399,10.022
3.393,7.948
3.391,9.308
3.393,8.003
3.3899999999999997,9.06
3.388,7.481
3.3819999999999997,8.087
3.378,8.786
3.3869999999999996,7.795
3.3899999999999997,8.272
3.3869999999999996,7.421
3.385,8.15
3.386,7.641
3.386,7.057
3.3839999999999995,7.576
3.3839999999999995,7.51
3.383,7.492
3.3819999999999997,6.992
3.385,7.257
3.372,7.1
3.372,6.929
3.3809999999999993,7.181
3.378,6.838
3.372,6.986
3.3809999999999993,7.211
3.3689999999999998,6.977
3.377,7.085
3.377,6.71
3.3789999999999996,6.466
3.3709999999999996,6.571
3.372,6.71
3.3679999999999994,6.5
3.3709999999999996,6.351
3.3739999999999997,6.043
3.3809999999999993,5.339
3.3819999999999997,5.067
3.3839999999999995,4.917
3.386,4.988
3.386,5.983
3.385,6.223
3.3789999999999996,6.327
3.3899999999999997,8.753
3.385,5.039
3.38,6.267
3.3979999999999997,8.926
3.394,6.586
3.385,9.12
3.385,4.098
3.3899999999999997,11.043
3.3889999999999993,5.747
3.385,5.623
3.3789999999999996,7.099
3.3889999999999993,6.303
3.3809999999999993,10.904
3.385,3.255
3.378,8.408
3.3979999999999997,7.447
3.3889999999999993,7.606
3.386,9.227
3.3759999999999994,3.896
3.391,9.527
3.3889999999999993,8.125
3.388,6.506
3.3819999999999997,8.143
3.377,7.127
3.3739999999999997,8.321
3.377,6.249
3.3919999999999995,8.133
3.3899999999999997,7.113
3.3869999999999996,5.463
3.38,8.56
3.393,6.758
3.386,10.079
3.386,6.131
3.3889999999999993,6.173
3.3889999999999993,9.005
3.386,5.347
3.388,7.367
3.388,5.62
3.388,6.866
3.3869999999999996,5.649
3.3899999999999997,6.537
3.391,4.881
3.3979999999999997,4.554
3.399,4.235
3.3969999999999994,3.052
3.4029999999999996,5.711
3.415,6.468
3.4059999999999997,6.657
3.3969999999999994,5.714
3.3889999999999993,5.992
3.3999999999999995,8.538
3.4029999999999996,6.234
3.393,7.218
3.3969999999999994,7.901
3.388,8.397
3.3969999999999994,7.488
3.399,7.402
3.3979999999999997,9.713
3.3969999999999994,7.073
3.3949999999999996,7.448
3.401,10.392
3.3949999999999996,6.936
3.3869999999999996,8.07
3.3919999999999995,7.934
3.3979999999999997,9.359
3.3999999999999995,7.985
3.393,8.056
3.3999999999999995,9.089
3.3999999999999995,8.377
3.402,8.897
3.391,8.826
3.3919999999999995,8.85
3.396,8.358
3.3919999999999995,8.308
3.399,8.671
3.393,8.65
3.3919999999999995,8.554
3.394,9.307
3.3979999999999997,8.532
3.401,8.526
3.402,8.89
3.3979999999999997,8.775
3.404,8.023
3.3949999999999996,8.762
3.3969999999999994,8.485
3.3949999999999996,8.316
3.3979999999999997,8.316
3.3999999999999995,8.487
3.393,7.855
3.3919999999999995,7.649
3.401,7.492
3.3889999999999993,7.052
3.399,6.722
3.3919999999999995,6.719
3.401,6.502
3.407,7.259
3.3979999999999997,8.843
3.401,8.888
3.4049999999999994,7.259
3.4079999999999995,8.862
3.3969999999999994,7.697
3.3969999999999994,8.579
3.4059999999999997,8.564
3.3919999999999995,8.789
3.4079999999999995,9.571
3.394,7.554
3.3899999999999997,8.421
3.3899999999999997,7.362
3.388,10.292
3.3889999999999993,7.619
3.3899999999999997,7.168
3.401,8.62
3.409,10.246
3.385,7.05
3.3869999999999996,8.792
3.3869999999999996,7.798
3.3979999999999997,9.235
3.402,7.964
3.3889999999999993,6.991
3.3999999999999995,9.715
3.399,7.506
3.396,7.165
3.3809999999999993,8.55
3.3979999999999997,6.672
3.3889999999999993,8.807
3.3789999999999996,6.632
3.388,6.631
3.3839999999999995,11.054
3.3919999999999995,4.789
3.3809999999999993,8.593
3.385,8.975
3.3739999999999997,5.324
3.375,8.03
3.3839999999999995,7.005
3.391,7.603
3.396,7.768
3.3899999999999997,5.688
3.3889999999999993,10.738
3.3869999999999996,6.594
3.378,5.298
3.388,6.353
3.3889999999999993,6.635
3.401,7.593
3.3979999999999997,5.195
3.3999999999999995,9.649
3.391,6.684
3.401,7.404
3.4059999999999997,8.329
3.4029999999999996,9.794
3.393,7.782
3.402,8.222
3.393,9.59
3.4029999999999996,8.313
3.393,8.222
3.3969999999999994,8.758
3.3889999999999993,8.343
3.3919999999999995,8.351
3.3999999999999995,8.588
3.391,9.039
3.399,8.315
3.3979999999999997,7.917
3.3949999999999996,8.842
3.402,8.603
3.402,8.454
3.401,8.724
3.393,9.216
3.4049999999999994,9.049
3.3949999999999996,8.99
3.396,9.118
3.41,9.344
3.3979999999999997,9.015
3.3979999999999997,9.253
3.4079999999999995,9.4
3.3999999999999995,9.369
3.401,9.239
3.407,9.7
3.41,9.454
3.412,9.585
3.407,9.669
3.412,9.787
3.401,9.603
3.402,9.592
3.4109999999999996,9.292
3.4109999999999996,9.427
3.404,9.536
3.4049999999999994,9.292
3.407,9.431
3.4059999999999997,9.626
3.409,9.164
3.4139999999999997,8.961
3.407,9.836
3.4129999999999994,8.48
3.412,8.418
3.4109999999999996,7.722
3.418,7.693
3.4109999999999996,9.268
3.4189999999999996,8.205
3.418,8.907
3.418,8.979
3.4139999999999997,8.549
3.4109999999999996,10.656
3.3869999999999996,8.476
3.4029999999999996,10.231
3.41,9.946
3.4109999999999996,6.82
3.41,11.061
3.415,6.606
3.3999999999999995,11.697
3.41,8.018
3.3919999999999995,8.545
3.394,10.535
3.386,7.618
3.3999999999999995,10.492
3.401,7.452
3.4049999999999994,8.695
3.407,8.4
3.3979999999999997,9.284
3.399,9.086
3.3649999999999993,4.949
3.3899999999999997,9.367
3.402,9.24
3.3889999999999993,7.894
3.399,9.564
3.3969999999999994,7.782
3.385,10.992
3.3899999999999997,8.365
3.383,9.991
3.3899999999999997,6.106
3.404,7.79
3.38,9.934
3.3919999999999995,7.761
3.3819999999999997,9.301
3.3969999999999994,7.868
3.4049999999999994,7.287
3.393,8.897
3.385,7.845
3.386,7.377
3.385,7.857
3.3919999999999995,6.738
3.388,8.513
3.4049999999999994,7.727
3.401,6.113
3.3969999999999994,7.167
3.401,8.14
3.401,8.186
3.401,7.524
3.401,7.705
3.3889999999999993,8.465
3.3949999999999996,7.248
3.393,7.514
3.393,7.748
3.388,8.241
3.385,7.125
3.3899999999999997,7.046
3.386,7.454
3.3889999999999993,7.369
3.377,7.045
3.38,6.936
3.3759999999999994,6.963
3.3709999999999996,7.011
3.377,6.792
3.3689999999999998,7.12
3.3759999999999994,7.203
3.37,6.715
3.372,6.565
3.372,7.008
3.3659999999999997,7.024
3.3739999999999997,6.643
3.3709999999999996,6.732
3.375,6.826
3.3729999999999993,6.61
3.3739999999999997,6.868
3.375,6.765
3.3629999999999995,6.804
3.3729999999999993,7.131
3.3649999999999993,7.041
3.3689999999999998,6.797
3.3709999999999996,7.43
3.375,7.296
3.3759999999999994,7.337
3.3789999999999996,7.546
3.3729999999999993,7.532
3.3759999999999994,7.507
3.3819999999999997,7.388
3.3759999999999994,7.618
3.3759999999999994,7.732
3.3839999999999995,8.186
3.386,6.957
3.385,7.482
3.3789999999999996,8.368
3.377,8.302
3.3809999999999993,6.009
3.3919999999999995,6.693
3.402,8.358
3.402,5.857
3.394,6.406
3.404,7.975
3.399,7.443
3.401,6.764
3.407,9.477
3.3949999999999996,9.792
3.3979999999999997,7.298
3.391,9.698
3.4059999999999997,8.534
3.396,9.228
3.404,5.584
3.3949999999999996,9.672
3.399,8.835
3.3869999999999996,7.53
3.3979999999999997,7.198
3.3869999999999996,10.64
3.3999999999999995,7.38
3.388,7.935
3.402,5.839
3.4029999999999996,9.032
3.391,8.17
3.3949999999999996,7.121
3.3969999999999994,8.412
3.393,7.034
3.385,5.906
3.383,8.321
3.3889999999999993,7.138
3.3809999999999993,7.109
3.383,6.324
3.3889999999999993,7.983
3.3789999999999996,7.301
3.3819999999999997,7.497
3.3819999999999997,7.15
3.3729999999999993,7.144
3.378,7.118
3.38,8.25
3.3869999999999996,7.235
3.3809999999999993,7.497
3.3709999999999996,6.286
3.38,6.731
3.377,7.919
3.372,6.381
3.378,7.105
3.3819999999999997,7.175
3.38,7.13
3.385,7.169
3.383,6.681
3.3809999999999993,6.538
3.3899999999999997,6.036
3.3889999999999993,7.039
3.38,7.032
3.388,7.13
3.393,7.075
3.388,8.759
3.386,6.436
3.3899999999999997,6.654
3.391,8.113
3.391,7.271
3.388,7.019
3.38,7.21
3.388,7.846
3.388,7.322
3.3869999999999996,6.838
3.386,7.716
3.3869999999999996,7.585
3.3789999999999996,7.486
3.3739999999999997,7.331
3.377,7.989
3.378,7.487
3.3739999999999997,7.222
3.3759999999999994,7.051
3.383,7.292
3.3809999999999993,7.857
3.3789999999999996,7.654
3.3709999999999996,7.05
3.3729999999999993,7.445
3.38,7.734
3.3809999999999993,7.29
3.3739999999999997,7.548
3.372,7.631
3.377,7.431
3.37,7.359
3.3789999999999996,7.107
3.3809999999999993,7.279
3.375,6.476
3.3759999999999994,7.247
3.3839999999999995,7.334
3.3839999999999995,8.328
3.383,6.086
3.3919999999999995,6.697
3.394,9.13
3.3969999999999994,5.616
3.396,7.875
3.3969999999999994,7.126
3.3889999999999993,7.18
3.3949999999999996,7.115
3.401,6.038
3.3979999999999997,8.978
3.404,7.543
3.3899999999999997,5.993
3.402,9.149
3.41,7.057
3.4109999999999996,8.01
3.409,9.162
3.41,8.914
3.4109999999999996,8.139
3.409,10.282
3.4139999999999997,7.001
3.4079999999999995,10.071
3.402,9.644
3.393,8.262
3.401,7.869
3.407,10.003
3.407,7.413
3.402,6.646
3.41,10.342
3.407,9.72
3.407,6.667
3.4189999999999996,6.905
3.4059999999999997,12.842
3.404,8.872
3.3979999999999997,8.169
3.4059999999999997,9.317
3.404,8.876
3.4159999999999995,8.625
3.407,9.031
3.412,8.358
3.3999999999999995,10.046
3.41,9.029
3.402,8.98
3.4079999999999995,10.918
3.4079999999999995,9.469
3.4129999999999994,9.844
3.417,10.472
3.3969999999999994,8.408
3.4049999999999994,10.916
3.407,9.569
3.393,7.434
3.401,10.503
3.407,8.764
3.402,11.021
3.412,8.113
3.396,9.006
3.404,8.368
3.409,9.116
3.41,8.308
3.4079999999999995,7.657
3.3969999999999994,8.598
3.412,7.893
3.4079999999999995,8.148
3.401,8.122
3.418,8.233
3.415,8.335
3.41,8.281
3.415,8.653
3.4139999999999997,8.978
3.407,8.478
3.407,8.674
3.4049999999999994,8.58
3.407,8.447
3.394,8.231
3.404,7.997
3.399,7.734
3.3949999999999996,7.931
3.393,7.855
3.399,7.819
3.3919999999999995,7.747
3.402,8.345
3.3979999999999997,7.386
3.393,7.302
3.3899999999999997,7.321
3.393,7.564
3.388,7.467
3.396,7.467
3.386,7.359
3.3919999999999995,7.191
3.396,7.517
3.3919999999999995,7.395
3.388,7.43
3.394,8.64
3.393,6.008
3.38,7.103
3.3919999999999995,7.834
3.3889999999999993,6.615
3.3789999999999996,7.172
3.367,8.434
3.3819999999999997,8.706
3.3609999999999998,5.147
3.388,7.782
3.3919999999999995,8.191
3.391,5.557
3.377,8.191
3.3899999999999997,7.806
3.3889999999999993,9.15
3.3889999999999993,6.031
3.385,7.799
3.385,7.971
3.386,6.078
3.388,7.813
3.393,6.061
3.3819999999999997,7.206
3.383,8.204
3.3889999999999993,5.284
3.399,8.821
3.3809999999999993,7.743
3.404,9.113
3.401,6.86
3.3949999999999996,9.744
3.3979999999999997,7.874
3.393,8.459
3.3949999999999996,8.792
3.3969999999999994,7.55
3.3999999999999995,7.586
3.4109999999999996,8.796
3.383,7.667
3.3949999999999996,8.753
3.407,7.217
3.4109999999999996,7.382
3.391,8.74
3.401,7.024
3.399,8.784
3.409,7.895
3.4059999999999997,9.217
3.41,10.049
3.407,9.66
3.4139999999999997,10.201
3.4209999999999994,11.859
3.4079999999999995,12.155
3.399,11.647
3.4049999999999994,9.106
3.4139999999999997,11.172
3.4109999999999996,11.579
3.41,11.16
3.4209999999999994,10.898
3.4289999999999994,11.996
3.4109999999999996,11.784
3.41,9.796
3.423,10.481
3.412,11.086
3.4189999999999996,9.99
3.42,9.82
3.4209999999999994,9.986
3.412,10.153
3.423,9.855
3.41,9.699
3.4159999999999995,9.885
3.4209999999999994,9.905
3.423,9.481
3.4219999999999997,9.668
3.423,8.563
3.412,8.418
3.4209999999999994,8.369
3.4269999999999996,8.163
3.425,8.321
3.4189999999999996,8.583
3.4189999999999996,8.872
3.4139999999999997,9.109
3.42,8.943
3.4189999999999996,9.009
3.4129999999999994,8.992
3.4109999999999996,9.138
3.4139999999999997,8.875
3.415,8.802
3.4029999999999996,8.767
3.409,8.437
3.409,8.3
3.4029999999999996,7.974
3.3979999999999997,8.346
3.4079999999999995,7.994
3.3979999999999997,7.966
3.404,7.988
3.402,7.963
3.393,7.662
3.401,7.456
3.3999999999999995,7.461
3.391,7.285
3.399,7.29
3.3919999999999995,7.348
3.396,7.538
3.396,7.098
3.3819999999999997,7.203
3.386,7.131
3.38,7.428
3.3979999999999997,7.711
3.3949999999999996,8.887
3.391,7.939
3.394,5.946
3.3899999999999997,9.548
3.3969999999999994,7.958
3.394,9.094
3.3499999999999996,5.383
3.3759999999999994,7.84
3.3739999999999997,8.774
3.3869999999999996,7.18
3.3789999999999996,7.119
3.3839999999999995,5.533
3.3889999999999993,9.959
3.3839999999999995,7.702
3.393,6.756
3.3949999999999996,8.218
3.404,6.059
3.3969999999999994,6.138
3.401,8.02
3.4049999999999994,5.849
3.412,6.999
3.4079999999999995,8.11
3.407,7.917
3.4129999999999994,8.292
3.404,9.506
3.396,8.426
3.391,7.665
3.4029999999999996,10.707
3.412,7.525
3.4109999999999996,8.553
3.409,8.654
3.407,8.83
3.401,9.194
3.4029999999999996,8.575
3.401,8.071
3.415,9.334
3.399,9.472
3.394,7.927
3.407,10.389
3.412,9.414
3.3999999999999995,6.993
3.3969999999999994,8.319
3.4049999999999994,7.335
3.41,10.863
3.402,8.595
3.402,9.42
3.4049999999999994,8.572
3.402,9.124
3.404,8.457
3.3999999999999995,9.023
3.3969999999999994,8.648
3.3949999999999996,8.501
3.394,8.732
3.3979999999999997,8.135
3.4029999999999996,8.389
3.3969999999999994,8.296
3.4059999999999997,8.302
3.4029999999999996,8.369
3.3949999999999996,8.304
3.402,7.845
3.4049999999999994,8.175
3.4049999999999994,8.085
3.4049999999999994,7.654
3.3949999999999996,7.566
3.3979999999999997,6.931
3.396,6.92
3.401,6.531
3.394,5.904
3.4059999999999997,5.855
3.3969999999999994,5.72
3.4059999999999997,6.04
3.407,6.161
3.4029999999999996,6.616
3.4029999999999996,6.41
3.396,6.626
3.399,6.819
3.396,6.864
3.393,6.688
3.3839999999999995,6.827
3.3819999999999997,6.782
3.388,6.4
3.3889999999999993,6.437
3.378,6.67
3.377,6.306
3.3809999999999993,6.207
3.3759999999999994,6.099
3.3809999999999993,6.238
3.377,6.075
3.372,5.934
3.3679999999999994,5.744
3.375,6.137
3.378,5.788
3.3729999999999993,5.743
3.3649999999999993,5.067
3.3729999999999993,4.899
3.3729999999999993,5.629
3.372,6.023
3.378,4.503
3.383,6.321
3.375,8.512
3.364,4.326
3.3759999999999994,4.112
3.38,8.978
3.3759999999999994,6.302
3.37,8.409
3.37,6.493
3.375,7.754
3.3679999999999994,7.147
3.3839999999999995,8.734
3.367,7.229
3.3789999999999996,5.985
3.3809999999999993,7.725
3.3889999999999993,7.9
3.3789999999999996,7.562
3.378,7.798
3.378,8.508
3.3979999999999997,5.844
3.394,6.466
3.4059999999999997,5.726
3.3969999999999994,8.04
3.386,7.755
3.399,6.718
3.396,7.423
3.4059999999999997,8.427
3.3969999999999994,7.801
3.3979999999999997,4.642
3.399,9.474
3.394,6.311
3.396,9.669
3.394,7.189
3.3889999999999993,6.997
3.3949999999999996,9.846
3.401,8.171
3.3899999999999997,8.766
3.3899999999999997,7.183
3.3999999999999995,7.906
3.396,7.014
3.396,10.12
3.4059999999999997,7.187
3.4029999999999996,9.68
3.4049999999999994,8.954
3.3999999999999995,9.507
3.393,10.78
3.4059999999999997,5.928
3.393,9.323
3.4049999999999994,9.325
3.3999999999999995,9.297
3.3999999999999995,10.29
3.409,7.929
3.401,8.987
3.4079999999999995,8.484
3.4129999999999994,9.259
3.4059999999999997,7.979
3.412,8.566
3.3999999999999995,8.969
3.3999999999999995,8.136
3.4049999999999994,8.444
3.4079999999999995,8.078
3.4109999999999996,8.553
3.407,8.806
3.412,8.113
3.3999999999999995,8.738
3.409,8.358
3.409,8.4
3.412,8.375
3.4029999999999996,8.216
3.415,7.548
3.415,7.759
3.417,7.186
3.4159999999999995,7.336
3.4209999999999994,7.965
3.4219999999999997,8.525
3.42,8.728
3.4109999999999996,8.737
3.4139999999999997,8.685
3.418,8.839
3.412,8.885
3.417,8.788
3.4049999999999994,8.756
3.412,8.857
3.412,8.853
3.4139999999999997,8.918
3.41,8.759
3.415,8.74
3.4079999999999995,8.737
3.41,8.761
3.4139999999999997,8.869
3.417,8.961
3.4159999999999995,8.997
3.407,9.38
3.4079999999999995,8.451
3.4129999999999994,11.227
3.42,9.148
3.418,8.972
3.4299999999999997,9.049
3.4239999999999995,9.981
3.4209999999999994,9.063
3.409,10.797
3.407,11.449
3.4189999999999996,7.368
3.4159999999999995,10.747
3.407,10.682
3.4219999999999997,8.589
3.4129999999999994,8.981
3.409,10.0
3.4139999999999997,10.543
3.42,8.777
3.409,8.591
3.3839999999999995,12.094
3.407,8.759
3.41,7.846
3.394,9.262
3.4139999999999997,8.029
3.418,10.069
3.4049999999999994,4.875
3.41,9.202
3.417,5.137
3.409,7.167
3.4129999999999994,8.343
3.4129999999999994,8.976
3.418,8.876
3.4079999999999995,6.872
3.4059999999999997,10.249
3.4129999999999994,7.395
3.401,9.115
3.3979999999999997,9.382
3.401,8.415
3.3979999999999997,7.394
3.3969999999999994,6.98
3.396,7.946
3.396,9.458
3.396,6.285
3.385,8.839
3.3889999999999993,7.964
3.391,7.566
3.3819999999999997,7.348
3.378,5.718
3.3839999999999995,8.348
3.377,7.982
3.377,5.791
3.3789999999999996,6.769
3.377,7.586
3.3809999999999993,7.375
3.377,5.998
3.377,6.375
3.37,6.943
3.3709999999999996,6.288
3.3759999999999994,6.097
3.3689999999999998,5.647
3.3729999999999993,6.161
3.3629999999999995,5.703
3.37,5.712
3.3709999999999996,5.992
3.3609999999999998,5.529
3.359,5.495
3.3599999999999994,5.547
3.3679999999999994,5.751
3.364,5.447
3.367,5.483
3.3649999999999993,5.582
3.356,5.41
3.359,5.549
3.367,5.121
3.3609999999999998,4.964
3.3649999999999993,4.884
3.3689999999999998,4.572
3.3649999999999993,4.279
3.372,2.787
3.3759999999999994,3.014
3.3819999999999997,5.494
3.377,6.991
3.383,5.377
3.3809999999999993,5.721
3.3809999999999993,6.569
3.3819999999999997,6.765
3.3789999999999996,6.033
3.3729999999999993,6.205
3.38,6.617
3.377,6.121
3.3629999999999995,6.021
3.3729999999999993,5.766
3.3759999999999994,5.929
3.367,5.38
3.3689999999999998,5.284
3.3729999999999993,5.833
3.3629999999999995,5.549
3.3759999999999994,4.803
3.37,6.36
3.3609999999999998,4.38
3.3649999999999993,7.033
3.3709999999999996,7.091
3.3609999999999998,4.576
3.3739999999999997,6.353
3.3579999999999997,5.101
3.3709999999999996,8.242
3.3599999999999994,6.244
3.3709999999999996,6.185
3.375,8.502
3.3629999999999995,7.254
3.3739999999999997,6.231
3.3819999999999997,7.819
3.3919999999999995,8.08
3.359,9.007
3.3739999999999997,7.946
3.3889999999999993,7.588
3.3819999999999997,5.771
3.372,10.726
3.378,5.568
3.3739999999999997,9.953
3.3659999999999997,7.375
3.3899999999999997,10.396
3.3789999999999996,9.052
3.393,5.301
3.3869999999999996,7.99
3.3979999999999997,6.901
3.388,6.936
3.409,5.418
3.412,7.47
3.4029999999999996,9.244
3.4059999999999997,9.31
3.4059999999999997,9.75
3.399,6.922
3.407,10.706
3.407,8.475
3.409,10.478
3.402,7.896
3.4049999999999994,10.782
3.3919999999999995,6.763
3.4029999999999996,8.881
3.402,8.626
3.3949999999999996,6.707
3.393,9.118
3.3969999999999994,7.513
3.401,9.005
3.3979999999999997,7.279
3.3999999999999995,8.009
3.401,8.319
3.3919999999999995,7.77
3.401,7.561
3.3999999999999995,8.911
3.401,7.204
3.394,7.58
3.4059999999999997,8.528
3.3979999999999997,7.916
3.399,9.549
3.409,7.512
3.3999999999999995,8.19
3.407,8.59
3.3999999999999995,8.935
3.407,8.457
3.4079999999999995,8.335
3.404,8.305
3.4109999999999996,8.271
3.4129999999999994,8.214
3.409,8.321
3.41,8.33
3.409,8.187
3.409,8.032
3.41,8.067
3.407,8.228
3.402,8.068
3.3979999999999997,7.935
3.399,8.26
3.3999999999999995,7.262
3.4129999999999994,6.605
3.4049999999999994,6.648
3.4129999999999994,6.164
3.417,6.884
3.409,8.063
3.4109999999999996,8.752
3.415,7.862
3.4139999999999997,7.953
3.42,8.883
3.412,9.197
3.4059999999999997,7.462
3.407,7.912
3.41,8.756
3.4079999999999995,7.722
3.399,7.148
3.41,8.974
3.3969999999999994,6.805
3.3969999999999994,6.6
3.409,8.092
3.3979999999999997,7.994
3.3949999999999996,6.464
3.383,7.142
3.394,6.804
3.391,9.291
3.402,5.374
3.4059999999999997,9.244
3.388,8.37
3.3899999999999997,6.378
3.38,9.46
3.388,5.165
3.4049999999999994,9.697
3.399,7.107
3.3979999999999997,6.234
3.388,8.954
3.3759999999999994,5.363
3.3889999999999993,10.244
3.3819999999999997,7.172
3.3819999999999997,8.515
3.394,8.05
3.3869999999999996,9.306
3.388,6.978
3.3949999999999996,12.046
3.377,4.876
3.385,11.13
3.3969999999999994,6.536
3.394,7.489
3.3889999999999993,8.691
3.3729999999999993,7.003
3.3969999999999994,7.608
3.4049999999999994,4.427
3.418,5.671
3.425,8.368
3.415,13.221
3.401,3.73
3.399,9.186
3.4059999999999997,9.406
3.4059999999999997,7.172
3.393,7.588
3.3969999999999994,7.26
3.3869999999999996,10.582
3.402,7.229
3.386,7.096
3.3809999999999993,7.859
3.3919999999999995,7.848
3.388,8.278
3.3759999999999994,6.744
3.3869999999999996,8.481
3.3889999999999993,8.609
3.3789999999999996,6.901
3.375,6.73
3.3869999999999996,7.004
3.385,8.529
3.3839999999999995,6.749
3.385,7.002
3.38,7.266
3.3809999999999993,7.03
3.377,7.471
3.3759999999999994,6.93
3.3809999999999993,7.579
3.383,6.87
3.3739999999999997,6.483
3.3729999999999993,6.297
3.3819999999999997,6.586
3.3839999999999995,6.794
3.383,6.678
3.383,7.053
3.3729999999999993,6.776
3.3839999999999995,6.779
3.3789999999999996,6.971
3.383,6.869
3.383,6.545
3.375,6.22
3.3839999999999995,6.665
3.385,6.268
3.378,6.616
3.375,5.952
3.3809999999999993,5.661
3.3839999999999995,5.475
3.3889999999999993,5.004
3.401,3.49
3.393,4.596
3.394,6.912
3.396,7.775
3.391,5.769
3.3899999999999997,6.584
3.4029999999999996,7.727
3.3979999999999997,7.187
3.3919999999999995,6.874
3.3969999999999994,7.328
3.3979999999999997,7.656
3.3979999999999997,6.649
3.3869999999999996,6.781
3.401,7.724
3.3999999999999995,6.128
3.404,7.263
3.396,5.947
3.393,7.166
3.3979999999999997,5.299
3.401,6.653
3.402,6.221
3.4029999999999996,8.385
3.4029999999999996,8.288
3.4129999999999994,7.016
3.4079999999999995,11.079
3.415,8.929
3.4029999999999996,6.884
3.4049999999999994,10.136
3.4079999999999995,10.461
3.423,9.252
3.4059999999999997,8.113
3.415,9.147
3.4109999999999996,9.178
3.423,10.128
3.4239999999999995,9.957
3.409,10.694
3.4219999999999997,7.932
3.417,9.838
3.4219999999999997,11.602
3.42,9.842
3.409,10.171
3.4239999999999995,10.953
3.426,13.951
3.4079999999999995,13.795
3.4139999999999997,11.668
3.433,13.469
3.412,12.159
3.4299999999999997,8.536
3.431,10.231
3.4399999999999995,11.258
3.4399999999999995,11.42
3.423,9.804
3.4349999999999996,11.052
3.434,10.694
3.425,12.094
3.4269999999999996,10.098
3.436,10.118
3.4239999999999995,10.643
3.431,9.418
3.428,9.282
3.425,9.703
3.4189999999999996,9.271
3.412,10.013
3.4219999999999997,9.429
3.4139999999999997,9.378
3.417,9.02
3.4109999999999996,9.324
3.4189999999999996,9.622
3.418,8.982
3.4209999999999994,8.561
3.407,8.641
3.409,8.602
3.418,8.691
3.4139999999999997,8.524
3.4209999999999994,8.584
3.412,8.633
3.407,8.652
3.4129999999999994,8.348
3.407,8.831
3.418,8.662
3.407,8.498
3.4109999999999996,8.304
3.409,8.364
3.4079999999999995,8.232
3.4129999999999994,8.21
3.409,8.319
3.401,8.085
3.41,8.441
3.4109999999999996,7.529
3.4129999999999994,7.991
3.3999999999999995,7.332
3.3969999999999994,7.927
3.41,7.625
3.399,7.582
3.3969999999999994,7.349
3.4029999999999996,6.79
3.4059999999999997,6.862
3.412,6.08
3.4109999999999996,4.01
3.415,5.785
3.4139999999999997,7.368
3.418,9.318
3.409,6.813
3.412,7.006
3.41,7.722
3.402,7.565
3.4029999999999996,7.154
3.4079999999999995,7.27
3.409,7.749
3.4079999999999995,7.551
3.4129999999999994,8.295
3.4059999999999997,6.085
3.412,7.549
3.401,7.045
3.401,6.403
3.4079999999999995,7.192
3.409,7.815
3.401,6.327
3.409,5.726
3.407,10.027
3.3899999999999997,10.156
3.3969999999999994,5.736
3.3899999999999997,10.02
3.3919999999999995,6.055
3.3969999999999994,9.152
3.396,5.37
3.3869999999999996,8.852
3.401,9.347
3.3739999999999997,5.581
3.386,8.115
3.3999999999999995,5.642
3.3949999999999996,6.632
3.393,7.982
3.409,7.239
3.401,5.949
3.3949999999999996,9.176
3.396,6.949
3.4059999999999997,9.579
3.3889999999999993,8.876
3.394,6.738
3.3969999999999994,5.368
3.396,6.008
3.393,7.994
3.3969999999999994,5.375
3.3949999999999996,2.624
3.4139999999999997,6.457
3.409,3.102
3.4159999999999995,6.291
3.4159999999999995,9.735
3.4189999999999996,8.857
3.407,9.386
3.4109999999999996,7.92
3.4139999999999997,10.457
3.4109999999999996,7.807
3.402,8.246
3.4059999999999997,8.091
3.3969999999999994,7.752
3.3949999999999996,7.697
3.396,7.735
3.4049999999999994,8.495
3.3969999999999994,7.95
3.4049999999999994,8.52
3.407,8.025
3.4049999999999994,8.178
3.4079999999999995,8.087
3.3999999999999995,8.16
3.4129999999999994,7.994
3.4129999999999994,8.231
3.4029999999999996,8.594
3.415,8.079
3.412,8.552
3.415,8.165
3.404,8.863
3.412,8.978
3.4159999999999995,9.263
3.4079999999999995,9.444
3.4139999999999997,9.36
3.4029999999999996,9.176
3.4139999999999997,8.77
3.415,8.878
3.4159999999999995,8.513
3.404,8.502
3.4129999999999994,8.613
3.412,8.538
3.4049999999999994,8.239
3.4059999999999997,7.827
3.4029999999999996,8.006
3.4059999999999997,8.243
3.4079999999999995,8.014
3.396,7.269
3.4059999999999997,7.652
3.4079999999999995,7.105
3.407,6.818
3.4079999999999995,6.281
3.3999999999999995,6.176
3.4079999999999995,5.638
3.4059999999999997,5.55
3.409,5.98
3.4079999999999995,6.635
3.4079999999999995,6.468
3.3979999999999997,6.677
3.401,6.723
3.4059999999999997,6.698
3.394,6.627
3.3919999999999995,6.318
3.3899999999999997,6.352
3.393,7.583
3.3979999999999997,5.812
3.391,4.804
3.394,6.761
3.3949999999999996,8.657
3.3949999999999996,4.187
3.3889999999999993,4.505
3.3969999999999994,8.852
3.399,8.11
3.3979999999999997,5.525
3.393,8.104
3.41,10.426
3.386,6.977
3.3919999999999995,7.34
3.409,6.301
3.4029999999999996,9.105
3.393,6.676
3.4029999999999996,9.534
3.3969999999999994,8.673
3.4049999999999994,8.641
3.394,7.048
3.3889999999999993,8.94
3.412,9.511
3.402,6.673
3.3869999999999996,7.575
3.3899999999999997,7.766
3.412,8.008
3.399,5.442
3.3869999999999996,5.193
3.3969999999999994,9.204
3.401,8.987
3.3889999999999993,4.913
3.386,6.233
3.3979999999999997,5.917
3.3949999999999996,7.724
3.3979999999999997,4.067
3.402,5.168
3.401,6.312
3.4109999999999996,5.315
3.4059999999999997,5.78
3.4059999999999997,8.873
3.409,8.068
3.412,7.477
3.415,7.879
3.4049999999999994,9.302
3.4159999999999995,9.617
3.42,7.353
3.4159999999999995,9.396
3.404,8.433
3.415,8.824
3.409,9.311
3.4209999999999994,9.833
3.4219999999999997,8.14
3.412,8.922
3.418,9.878
3.4139999999999997,9.859
3.417,9.377
3.4269999999999996,9.537
3.428,11.02
3.423,10.64
3.4319999999999995,9.639
3.4349999999999996,12.102
3.423,10.151
3.428,10.218
3.4269999999999996,10.838
3.436,10.777
3.426,10.657
3.434,10.176
3.423,10.74
3.433,10.437
3.4269999999999996,10.04
3.4239999999999995,10.209
3.428,10.67
3.4209999999999994,9.959
3.4349999999999996,10.31
3.4299999999999997,9.905
3.4189999999999996,9.736
3.4289999999999994,9.613
3.4289999999999994,9.116
3.4239999999999995,8.968
3.423,8.544
3.4239999999999995,8.43
3.4269999999999996,8.891
3.4299999999999997,8.545
3.425,8.495
3.434,8.336
3.439,8.886
3.4379999999999997,8.88
3.4419999999999993,8.986
3.441,9.576
3.4399999999999995,10.281
3.439,10.652
3.4399999999999995,10.816
3.444,12.246
3.4459999999999997,12.175
3.4509999999999996,13.594
3.4539999999999997,13.495
3.4559999999999995,13.256
3.452,14.775
3.4539999999999997,16.012
3.4539999999999997,15.672
3.46,15.398
3.4609999999999994,17.115
3.4609999999999994,16.328
3.457,17.265
3.46,17.389
3.449,17.184
3.4619999999999997,17.64
3.4479999999999995,15.352
3.4619999999999997,15.229
3.4529999999999994,18.395
3.463,16.219
3.4479999999999995,15.677
3.455,15.12
3.4449999999999994,16.601
3.4609999999999994,17.985
3.46,14.114
3.4499999999999993,17.108
3.4539999999999997,15.97
3.4619999999999997,17.294
3.4529999999999994,15.015
3.455,14.238
3.4429999999999996,17.025
3.441,13.061
3.434,15.076
3.4449999999999994,13.866
3.449,15.57
3.4449999999999994,11.827
3.449,14.579
3.441,12.436
3.4349999999999996,13.08
3.434,12.275
3.4369999999999994,11.656
3.4349999999999996,10.296
3.4479999999999995,10.368
3.4379999999999997,9.72
3.4479999999999995,10.147
3.447,10.106
3.4499999999999993,10.924
3.4449999999999994,12.862
3.4319999999999995,11.75
3.441,11.711
3.4319999999999995,12.013
3.4379999999999997,10.658
3.4269999999999996,10.716
3.428,12.424
3.4319999999999995,11.715
3.4299999999999997,11.596
3.426,11.04
3.4379999999999997,12.103
3.4319999999999995,12.516
3.434,11.521
3.4449999999999994,11.961
3.4399999999999995,12.679
3.4459999999999997,13.07
3.4479999999999995,13.467
3.4429999999999996,13.454
3.455,14.318
3.4579999999999993,15.069
3.455,15.198
3.4579999999999993,15.673
3.457,15.763
3.46,16.211
3.4719999999999995,16.179
3.4639999999999995,16.205
3.465,16.564
3.4669999999999996,16.315
3.476,16.177
3.468,16.173
3.4689999999999994,16.326
3.4689999999999994,15.852
3.4739999999999993,15.731
3.473,15.691
3.4739999999999993,15.409
3.4719999999999995,15.352
3.4669999999999996,15.163
3.4689999999999994,14.883
3.468,14.802
3.457,14.686
3.465,14.711
3.4579999999999993,14.154
3.4619999999999997,14.032
3.46,13.649
3.4619999999999997,13.652
3.4579999999999993,14.32
3.4609999999999994,11.972
3.4559999999999995,13.013
3.4509999999999996,12.971
3.46,13.579
3.447,13.458
3.4459999999999997,12.366
3.4499999999999993,16.045
3.457,11.41
3.4449999999999994,12.049
3.4369999999999994,15.493
3.449,11.11
3.4499999999999993,13.523
3.441,11.02
3.444,13.401
3.4419999999999993,13.863
3.4429999999999996,13.879
3.444,13.167
3.4369999999999994,15.291
3.4429999999999996,14.33
3.4499999999999993,12.921
3.4379999999999997,14.195
3.4459999999999997,13.946
3.4349999999999996,13.497
3.433,12.445
3.436,15.77
3.4349999999999996,12.455
3.431,13.608
3.4109999999999996,13.411
3.4379999999999997,12.763
3.431,15.049
3.4299999999999997,11.975
3.4399999999999995,14.872
3.4399999999999995,12.658
3.4509999999999996,13.448
3.4589999999999996,13.337
3.4319999999999995,11.991
3.433,13.541
3.4419999999999993,13.407
3.4319999999999995,11.962
3.4399999999999995,12.409
3.4349999999999996,11.899
3.4349999999999996,12.847
3.444,12.986
3.4449999999999994,11.878
3.4429999999999996,13.537
3.4299999999999997,12.136
3.4479999999999995,11.947
3.439,13.926
3.4349999999999996,11.737
3.4499999999999993,13.482
3.4459999999999997,12.608
3.449,12.898
3.457,12.955
3.452,12.736
3.4449999999999994,12.785
3.4499999999999993,12.978
3.4499999999999993,12.31
3.441,12.121
3.444,12.294
3.449,12.265
3.4479999999999995,12.169
3.4529999999999994,11.886
3.449,11.803
3.4509999999999996,12.139
3.444,12.045
3.452,12.293
3.4559999999999995,12.572
3.4429999999999996,12.485
3.4529999999999994,12.164
3.452,12.793
3.452,12.809
3.449,12.806
3.441,13.153
3.452,12.714
3.447,13.499
3.4419999999999993,13.838
3.444,14.111
3.449,13.775
3.449,14.329
3.449,14.685
3.447,13.527
3.4399999999999995,13.744
3.441,13.275
3.4479999999999995,13.05
3.4419999999999993,12.916
3.4429999999999996,12.722
3.447,12.788
3.4429999999999996,12.289
3.4429999999999996,12.163
3.447,12.333
3.4449999999999994,11.831
3.4459999999999997,11.981
3.4449999999999994,11.473
3.4349999999999996,11.579
3.4459999999999997,11.253
3.444,11.098
3.4399999999999995,11.223
3.4449999999999994,10.581
3.439,10.641
3.444,10.761
3.4399999999999995,11.326
3.4369999999999994,11.423
3.441,12.177
3.4499999999999993,12.326
3.441,10.551
3.426,11.248
3.4319999999999995,13.623
3.4349999999999996,13.194
3.434,12.585
3.4379999999999997,11.926
3.4459999999999997,14.466
3.4419999999999993,12.276
3.4319999999999995,12.708
3.4349999999999996,13.778
3.4459999999999997,12.627
3.431,12.12
3.441,11.573
3.4499999999999993,15.634
3.4399999999999995,14.197
3.4289999999999994,14.281
3.441,12.921
3.4369999999999994,16.145
3.4349999999999996,11.811
3.4319999999999995,15.456
3.4369999999999994,12.934
3.426,15.827
3.4349999999999996,12.352
3.441,12.607
3.449,12.474
3.423,13.619
3.4379999999999997,12.959
3.426,13.456
3.4499999999999993,13.497
3.4319999999999995,13.055
3.4299999999999997,11.639
3.439,13.769
3.4399999999999995,12.471
3.4379999999999997,11.208
3.4379999999999997,12.306
3.4379999999999997,11.962
3.4379999999999997,10.319
3.4349999999999996,11.006
3.441,12.122
3.4319999999999995,10.011
3.425,9.834
3.4289999999999994,10.474
3.4289999999999994,10.567
3.4369999999999994,10.445
3.4299999999999997,9.685
3.4299999999999997,10.028
3.4299999999999997,10.115
3.433,10.117
3.4299999999999997,10.294
3.4349999999999996,10.617
3.4219999999999997,10.224
3.4239999999999995,10.247
3.423,9.796
3.428,9.99
3.4219999999999997,10.23
3.426,10.033
3.4289999999999994,10.287
3.4299999999999997,9.658
3.42,9.417
3.4299999999999997,9.61
3.418,9.838
3.418,9.471
3.415,9.807
3.425,9.773
3.415,9.27
3.4209999999999994,9.369
3.4139999999999997,8.893
3.426,9.198
3.4189999999999996,9.408
3.415,8.728
3.425,8.501
3.418,9.53
3.42,8.892
3.4219999999999997,8.526
3.42,8.619
3.4189999999999996,8.984
3.415,8.788
3.4239999999999995,9.153
3.417,8.94
3.4219999999999997,8.907
3.4209999999999994,8.973
3.418,8.811
3.4219999999999997,8.688
3.42,8.582
3.4209999999999994,8.738
3.418,8.685
3.42,8.6
3.4189999999999996,8.479
3.4239999999999995,8.711
3.425,8.207
3.4239999999999995,8.28
3.4129999999999994,8.055
3.4139999999999997,8.337
3.4209999999999994,8.032
3.418,8.699
3.433,8.294
3.423,8.489
3.423,7.711
3.412,10.221
3.428,8.195
3.415,8.953
3.4239999999999995,9.003
3.4189999999999996,10.873
3.415,9.354
3.425,8.811
3.4129999999999994,12.948
3.4189999999999996,8.793
3.4189999999999996,7.895
3.423,7.57
3.431,11.063
3.4159999999999995,12.036
3.426,12.825
3.4129999999999994,11.579
3.4189999999999996,12.072
3.4209999999999994,10.93
3.428,11.477
3.4269999999999996,11.531
3.431,12.599
3.418,11.214
3.4269999999999996,10.945
3.4379999999999997,13.573
3.425,12.873
3.418,10.2
3.4209999999999994,16.332
3.4189999999999996,13.163
3.4369999999999994,14.955
3.426,12.085
3.4349999999999996,14.459
3.428,14.449
3.4379999999999997,13.652
3.441,14.608
3.433,13.403
3.4459999999999997,13.976
3.4459999999999997,15.14
3.449,14.436
3.4509999999999996,14.488
3.4529999999999994,15.225
3.463,15.934
3.455,15.879
3.4619999999999997,15.814
3.4639999999999995,15.521
3.4719999999999995,16.345
3.465,16.428
3.471,15.585
3.4719999999999995,16.553
3.4769999999999994,17.246
3.4749999999999996,18.008
3.468,18.988
3.4689999999999994,19.482
3.476,19.58
3.4829999999999997,18.62
3.4829999999999997,18.235
3.4719999999999995,18.549
3.4719999999999995,18.272
3.4819999999999993,18.655
3.4739999999999993,19.149
3.4819999999999993,19.281
