speedpv,tailgatepv,passduration
18.180,11.340,5.48
26.530,46.060,5.25
22.090,33.280,2.60
23.850,35.280,3.60
18.020,16.080,4.20
34.050,110.750,4.88
22.470,27.400,4.39
20.000,19.310,3.64
25.440,54.140,4.70
16.830,11.930,8.15
23.450,20.740,3.91
34.320,33.010,2.70
35.780,74.500,4.95
21.470,25.060,4.90
32.670,52.940,4.28
25.040,20.360,4.58
27.820,55.110,2.70
22.640,23.460,4.67
29.840,49.480,4.75
23.140,22.620,4.08
29.900,18.750,2.21
32.650,31.070,3.03
22.200,18.990,3.88
23.060,14.290,5.30
23.550,52.450,3.74
31.600,40.140,3.15
21.530,28.330,4.30
29.140,28.440,3.80
19.630,15.920,2.70
31.770,29.580,3.99
22.020,26.130,4.48
21.730,14.140,2.91
19.490,11.120,4.32
19.190,22.140,4.32
18.600,26.050,5.39
23.690,35.690,4.79
22.730,30.100,4.27
20.070,10.990,3.33
18.690,12.080,7.21
17.240,12.510,5.45
17.360,13.060,4.32
28.250,40.090,3.02
17.960,15.630,3.35
16.770,16.010,4.75
21.740,23.930,7.30
18.440,14.570,5.55
20.230,55.090,4.82
17.110,12.060,6.79
18.920,14.980,5.26
22.760,14.460,3.37
22.510,17.190,4.60
23.870,16.600,4.65
24.200,18.600,5.40
22.410,13.770,3.70
23.880,11.520,3.73
23.080,12.780,3.40
17.290,14.430,4.65
17.930,12.160,5.15
17.560,13.640,3.44
17.310,12.870,4.07
17.260,11.990,4.12
17.620,13.260,5.14
18.190,11.270,3.80
17.830,11.230,4.20
16.140,13.470,4.82
18.370,10.330,3.80
17.860,12.330,4.18
16.530,13.700,5.27
16.370,12.890,5.28
17.610,13.950,5.25
27.900,10.960,5.37
22.870,16.630,2.50
23.380,12.480,3.45
22.630,13.380,4.33
22.290,7.260,5.73
26.330,37.190,2.30
22.800,14.450,4.90
23.500,14.420,3.30
27.680,18.130,3.71
22.840,12.260,8.31
26.070,30.800,5.78
23.150,11.510,6.07
22.760,10.170,4.56
24.160,9.130,3.85
25.850,25.600,2.45
17.310,11.250,3.88
22.640,19.510,4.50
17.680,8.570,5.03
16.860,8.200,5.25
22.120,31.290,3.63
18.500,15.650,5.12
17.280,9.870,4.35
15.890,9.610,3.33
18.850,12.640,3.30
16.820,9.530,4.43
17.520,9.650,4.27
22.190,14.610,1.75
17.210,14.630,4.22
16.550,9.020,4.43
19.690,11.780,4.06
19.430,8.600,2.80
18.230,7.550,3.62
17.060,15.940,6.91
23.650,42.550,5.96
16.820,9.670,5.30
19.160,9.050,5.61
16.870,15.600,6.44
25.540,66.360,11.74
16.860,19.750,4.85
18.620,26.930,10.10
16.680,20.140,6.86
23.180,32.810,8.55
23.090,46.720,3.27
17.460,10.770,6.00
17.340,11.780,4.37
18.400,10.720,3.06
26.450,54.440,3.87
16.400,10.070,2.78
17.600,17.370,3.29
17.680,12.550,5.00
21.720,12.910,7.70
23.250,44.650,6.78
22.680,13.110,7.23
25.190,45.990,3.62
17.290,9.020,7.75
26.520,46.250,5.93
24.990,39.600,3.57
15.240,9.140,6.95
17.450,12.310,4.75
17.620,12.260,7.11
16.780,10.580,6.31
17.430,19.320,4.01
18.270,16.060,5.01
16.830,15.650,3.85
17.050,9.580,3.97
17.750,10.110,3.74
17.670,9.310,3.38
29.540,33.860,3.73
27.380,21.600,3.20
24.780,16.130,3.90
24.000,13.810,3.52
28.050,40.750,3.63
22.860,12.420,3.60
29.620,25.020,2.95
24.890,13.960,3.62
23.350,12.660,4.30
23.870,12.700,2.70
23.310,10.740,3.85
21.200,14.650,2.96
20.570,13.090,3.85
23.790,21.390,2.68
17.490,10.300,3.66
21.810,23.160,2.80
17.380,9.360,3.23
18.720,12.030,4.12
24.450,33.940,2.69
18.600,10.720,3.57
17.180,9.900,3.61
20.910,31.030,4.06
18.330,10.470,3.80
18.120,18.230,3.37
16.710,19.100,4.67
17.370,16.120,3.20
32.510,44.040,3.33
23.440,16.160,4.41
22.890,16.020,5.60
24.800,24.230,4.00
24.210,19.310,4.53
28.480,58.910,2.57
24.950,49.810,3.73
18.200,18.010,4.45
16.920,20.540,5.95
18.870,36.300,7.25
15.450,33.340,4.15
18.020,28.100,5.86
19.520,37.930,5.08
22.570,52.790,3.96
18.810,32.370,6.12
19.840,13.400,4.20
17.720,12.860,5.70
17.660,24.210,4.68
16.070,22.740,4.79
18.190,15.870,4.77
20.060,33.050,5.15
15.350,12.690,7.54
15.910,13.350,6.81
17.280,11.210,5.40
16.590,13.210,7.48
22.380,15.950,5.42
22.550,20.200,6.30
22.970,19.300,4.70
23.690,11.890,3.53
22.120,10.960,4.21
17.680,20.220,4.45
17.270,21.770,5.30
18.140,20.060,5.27
17.640,29.900,6.23
17.330,14.680,5.08
16.470,18.660,6.15
17.400,19.930,6.07
16.090,17.340,5.90
21.280,33.400,7.88
24.060,34.730,5.99
24.960,48.370,7.94
26.340,56.150,6.49
25.860,39.840,5.71
38.970,106.750,3.31
23.490,41.240,7.28
23.510,30.620,5.80
29.040,27.790,5.13
30.700,33.820,4.86
31.920,49.920,6.20
36.650,22.240,4.00
22.240,8.780,4.44
29.140,25.750,4.37
23.430,9.910,4.33
22.830,14.370,5.50
28.310,30.730,4.91
25.870,15.690,4.55
34.200,48.080,3.55
24.820,15.100,6.75
23.160,12.030,4.34
25.400,19.550,4.60
25.120,20.320,5.02
17.720,12.690,5.25
17.730,8.740,5.40
21.640,40.800,9.29
31.560,85.270,2.82
17.880,11.240,6.85
23.620,48.960,6.90
28.850,46.290,5.62
16.870,10.080,9.20
25.220,54.650,6.90
23.810,23.030,9.79
30.070,61.140,4.55
16.750,9.850,9.69
22.730,45.960,4.67
17.460,9.150,4.20
18.700,11.390,5.50
31.380,60.020,3.60
42.240,59.790,2.10
43.970,103.760,4.10
48.110,136.840,3.98
47.870,135.610,4.00
44.760,42.170,1.92
40.000,39.330,4.18
46.090,46.810,4.62
43.520,35.820,5.48
37.110,26.800,3.00
23.130,11.200,3.21
41.380,59.660,3.83
42.860,42.360,2.75
39.280,92.930,3.23
21.120,26.020,4.82
22.130,11.690,7.02
25.860,18.060,5.04
24.010,30.570,5.19
22.550,9.660,4.71
23.910,17.210,4.37
22.330,39.760,5.30
17.110,15.260,5.71
17.810,31.400,5.75
18.280,20.790,5.25
16.890,31.170,6.70
25.750,29.300,4.00
21.520,24.640,4.89
21.100,17.840,4.00
29.970,43.670,4.69
35.750,48.000,3.50
23.190,22.330,5.67
24.180,15.330,5.90
29.050,21.270,3.17
34.800,96.870,3.62
33.580,28.520,3.57
35.880,58.580,5.37
25.920,26.690,6.64
28.200,27.040,3.61
20.580,12.060,5.81
29.650,54.850,3.10
16.150,18.170,5.20
26.640,34.230,4.27
15.120,40.500,7.64
17.990,37.570,5.00
22.700,23.530,3.97
16.960,16.660,5.04
17.700,10.550,6.07
18.450,12.020,5.30
22.670,17.200,4.34
30.600,50.320,3.77
17.860,10.780,4.56
18.150,10.870,3.25
23.260,30.510,3.98
28.560,35.440,3.87
26.690,21.600,4.17
24.260,15.290,3.43
25.950,23.620,4.71
27.670,19.180,3.63
24.740,22.990,4.45
26.000,17.190,3.20
21.680,16.300,3.85
20.570,10.830,3.50
20.080,10.320,2.70
24.990,50.880,3.35
20.420,14.540,3.60
17.810,14.580,5.97
33.570,29.500,2.63
24.590,19.060,2.92
29.600,26.260,2.48
18.650,35.800,6.47
22.560,48.220,5.06
30.700,93.070,3.63
34.860,78.610,3.83
31.110,84.730,4.57
40.000,66.470,3.61
28.790,55.930,3.15
24.620,12.080,3.10
27.990,23.400,2.99
23.780,10.020,3.99
32.520,41.960,3.37
24.550,16.860,4.26
24.990,20.300,4.40
22.920,10.750,5.74
25.590,34.560,5.26
27.470,58.740,5.17
25.290,32.600,3.57
24.560,25.810,4.32
25.610,28.420,3.43
22.120,29.390,3.50
17.090,10.880,3.83
18.060,14.940,4.20
17.540,10.130,4.30
17.320,11.240,4.97
23.970,25.490,3.93
18.050,10.110,4.62
26.070,59.150,3.60
17.410,8.630,5.28
18.910,24.200,5.55
23.880,25.800,6.62
23.050,22.600,4.66
22.990,13.820,4.33
22.450,9.970,4.78
33.760,81.290,5.17
38.500,57.250,3.00
35.170,105.240,3.60
23.640,16.740,4.52
21.790,20.750,5.58
22.140,23.840,4.68
19.990,11.440,4.90
24.630,28.700,4.70
25.490,84.870,4.90
24.740,36.230,4.80
30.420,58.080,3.67
17.000,11.570,5.49
18.150,13.320,4.92
27.030,66.540,4.43
20.440,30.460,5.15
26.210,42.420,3.80
22.350,38.320,5.91
24.290,53.170,4.50
25.300,55.820,4.70
19.370,15.300,4.80
28.210,55.970,3.30
18.990,16.750,4.33
22.410,23.460,4.42
23.690,21.340,3.90
32.270,60.970,3.43
25.310,48.950,4.79
20.220,18.780,3.78
19.640,52.180,4.00
23.370,26.590,3.21
19.470,31.110,4.60
30.960,28.120,2.80
26.080,23.000,3.14
24.400,15.160,5.23
23.980,20.380,4.58
25.850,22.670,5.23
30.670,48.010,4.32
26.340,20.680,5.88
22.130,13.210,7.02
17.270,14.770,7.82
16.340,21.970,7.18
18.110,19.870,8.89
17.560,12.220,6.30
18.970,31.340,6.73
16.620,14.190,5.20
17.800,12.270,5.14
19.480,17.800,5.10
19.120,13.270,3.90
18.000,12.140,5.89
20.060,38.060,4.07
17.540,11.210,7.95
18.320,15.190,6.63
23.550,27.140,3.27
18.630,25.550,5.81
22.990,15.010,6.04
28.350,34.420,6.11
23.110,12.870,4.70
17.670,11.310,5.27
17.990,10.210,6.98
17.460,10.910,5.50
16.850,12.070,5.53
17.220,13.580,5.70
19.390,33.290,6.18
20.490,26.190,4.55
18.540,16.070,5.00
20.140,53.460,8.45
17.290,14.780,5.45
20.230,46.720,5.08
20.140,12.710,4.57
19.290,16.900,5.63
17.330,11.110,6.20
19.100,22.620,3.95
17.270,16.350,6.10
16.810,15.230,4.98
17.960,18.300,5.78
16.760,9.380,4.54
18.920,20.430,4.08
26.850,51.960,3.73
19.970,25.300,3.90
17.290,17.450,3.60
16.550,16.650,4.93
19.240,16.500,4.75
25.490,50.940,4.60
20.770,20.540,4.64
24.010,54.670,3.77
18.820,17.350,4.23
31.840,64.350,3.37
24.530,30.750,5.15
23.510,21.760,5.46
23.270,18.500,3.70
22.350,14.720,4.24
24.060,19.430,5.15
21.730,18.680,4.11
22.540,29.750,3.62
23.890,40.710,3.63
21.530,28.010,4.50
18.250,17.650,4.73
17.340,20.510,5.15
20.830,34.590,3.99
24.980,49.300,3.38
16.540,16.130,5.43
24.290,53.710,3.14
16.350,11.180,4.90
24.110,17.390,5.18
23.480,16.010,3.20
23.020,14.710,4.87
28.030,32.470,2.81
22.910,16.470,7.30
22.810,16.910,6.30
23.740,17.830,4.59
22.560,20.130,4.98
17.430,12.960,4.53
16.970,12.000,4.93
18.680,16.480,5.68
18.960,16.390,6.17
16.800,12.260,6.63
17.850,14.050,4.98
21.900,25.530,6.10
22.100,25.560,5.69
17.430,10.730,4.67
18.620,14.840,6.57
18.700,19.890,4.90
18.170,30.310,5.38
19.100,22.070,4.30
20.690,21.560,4.13
17.440,21.890,5.69
20.630,18.260,4.33
23.460,25.030,6.62
22.130,21.340,5.24
28.620,36.300,3.40
35.740,60.370,4.00
27.260,19.930,3.18
28.800,32.380,3.60
18.650,28.630,5.36
19.880,15.920,4.59
22.500,38.830,5.40
22.860,31.120,3.90
20.160,19.300,6.12
18.120,23.760,6.10
27.560,42.310,4.40
29.230,96.870,4.79
24.410,35.010,4.71
32.750,60.830,3.34
35.660,103.160,4.89
31.110,102.660,6.50
25.470,33.450,4.21
16.230,19.920,5.15
16.720,17.610,5.95
18.100,30.830,5.46
18.520,32.630,4.60
17.570,27.340,6.45
17.630,17.930,6.17
23.830,80.520,5.14
16.730,18.950,7.02
19.100,24.580,6.68
17.260,20.980,5.83
19.240,21.500,6.34
19.510,31.500,8.55
16.830,12.370,5.13
17.080,28.400,8.54
23.770,22.600,4.45
18.360,32.470,4.65
17.250,18.520,8.17
16.070,15.840,8.52
20.940,37.700,5.61
18.870,43.080,6.93
21.930,19.190,9.27
23.340,23.280,7.70
20.680,11.730,4.08
16.870,18.370,5.03
19.050,14.120,6.20
18.260,15.140,4.18
18.590,13.120,4.71
26.260,16.940,4.30
24.740,20.000,5.14
28.920,34.730,5.20
25.110,20.430,5.44
29.590,59.810,4.68
19.070,15.140,3.27
23.410,22.500,3.96
18.820,17.990,4.15
18.120,14.820,5.52
19.750,14.340,4.00
20.390,11.020,4.53
20.120,11.730,6.42
20.910,17.630,2.97
22.810,24.180,3.40
22.340,13.190,7.90
26.910,40.410,5.52
17.420,15.140,6.20
23.690,30.930,5.03
22.880,16.170,5.75
17.180,18.820,3.62
16.160,16.710,5.02
17.090,19.860,4.99
21.620,16.230,4.66
22.200,16.450,5.21
21.760,16.280,5.36
22.940,37.730,6.25
16.130,20.080,4.32
17.980,15.050,4.90
18.460,22.440,5.53
27.360,50.270,2.73
20.870,21.060,5.21
26.820,82.980,7.17
15.650,23.400,5.22
15.900,24.840,4.33
30.650,42.150,3.38
22.630,9.860,3.75
22.830,12.870,4.10
17.990,25.870,3.60
17.210,14.970,3.84
17.250,9.600,5.05
18.100,17.300,4.60
19.650,13.210,3.80
26.160,34.890,3.80
22.500,12.510,3.85
22.810,12.450,2.85
16.280,9.380,4.55
29.070,38.570,3.37
17.490,13.310,3.95
16.860,14.710,5.41
18.430,26.110,4.74
19.860,27.120,4.43
21.490,52.750,5.04
17.260,20.120,5.71
28.600,50.280,2.80
23.300,16.700,2.86
17.650,16.200,6.01
25.720,30.060,6.15
24.350,23.850,6.37
23.250,17.910,12.19
31.520,40.650,5.03
28.230,40.230,4.34
23.340,17.650,6.09
18.350,28.220,5.27
16.910,13.470,5.50
15.740,12.270,4.47
23.930,48.020,3.45
17.750,15.500,4.31
20.800,20.730,6.33
17.680,11.780,5.62
19.910,16.080,5.06
30.870,60.000,4.27
19.580,24.470,5.33
24.970,55.130,4.90
20.030,19.470,3.76
20.640,43.440,5.60
17.610,17.970,4.62
16.060,12.900,4.90
22.180,18.120,3.14
25.300,55.500,6.18
27.360,50.900,3.38
37.070,55.380,2.30
17.120,16.710,4.00
16.400,21.130,3.83
16.210,22.850,4.18
17.090,16.220,4.50
29.960,29.070,2.49
34.680,80.840,2.90
26.520,26.090,4.90
34.290,59.550,3.46
24.050,32.150,4.98
26.920,37.430,4.82
22.970,59.170,7.42
24.340,17.270,6.10
37.290,57.700,4.13
38.050,95.990,3.91
25.080,38.390,8.05
34.560,108.660,4.68
34.480,87.660,5.68
22.810,31.090,4.78
25.260,43.190,3.95
27.220,91.900,5.47
30.520,57.430,4.50
19.570,11.470,2.92
23.710,43.720,4.50
23.280,23.330,4.40
28.120,45.900,3.21
18.360,19.650,4.39
21.850,13.440,5.69
17.400,9.370,5.60
20.640,25.350,5.62
16.990,9.460,8.16
16.910,22.170,6.36
17.220,17.350,6.27
18.780,31.640,7.04
18.890,13.210,4.08
18.460,11.610,4.38
24.780,20.750,5.72
32.310,31.720,4.11
25.780,11.450,5.22
32.930,79.550,3.68
22.900,12.690,5.22
29.610,40.460,5.41
16.470,11.350,5.65
16.240,14.140,5.00
20.090,14.350,6.20
18.350,29.580,7.50
17.090,22.250,7.43
17.700,18.270,5.35
21.090,14.850,4.08
34.770,63.590,3.73
24.230,13.240,5.16
27.650,19.770,4.70
24.220,23.230,5.71
23.890,11.900,5.12
27.220,33.820,4.89
24.050,10.940,4.85
25.410,14.090,5.50
24.620,18.160,4.50
21.290,13.970,3.40
22.750,15.750,2.58
21.400,12.450,2.91
23.580,20.800,3.26
18.390,10.280,4.31
25.180,45.540,4.31
15.380,10.550,4.50
17.080,20.090,2.72
16.620,15.780,4.74
23.560,27.690,3.68
18.950,15.290,3.41
35.500,83.500,2.62
16.920,12.440,3.62
15.320,10.980,5.39
20.660,19.410,3.86
22.820,12.850,5.02
23.570,18.410,4.15
20.370,12.440,7.22
22.040,21.680,3.90
22.360,11.650,4.40
33.680,83.670,3.38
17.390,10.700,4.43
24.240,30.880,3.25
23.260,20.740,5.02
22.330,24.550,2.93
16.740,10.060,4.83
25.150,29.710,3.25
17.520,10.540,3.53
23.790,24.360,3.52
18.400,13.190,4.97
20.630,24.350,7.08
17.020,17.290,6.29
14.470,30.710,8.22
17.410,25.900,5.91
25.190,66.100,8.08
16.770,20.660,8.52
17.960,17.470,5.20
17.650,19.560,5.97
17.370,11.720,6.80
16.990,16.870,5.10
18.210,23.020,6.41
21.960,11.710,8.75
22.950,28.210,6.70
24.060,47.240,4.53
17.980,16.080,6.53
17.500,14.310,4.59
18.430,20.300,5.40
20.530,30.580,7.18
16.890,35.220,4.83
30.290,85.340,6.44
15.050,17.940,3.48
25.830,38.460,3.60
29.100,29.360,3.95
21.930,21.980,4.68
22.090,22.940,4.84
16.540,11.580,4.88
16.840,14.190,3.41
16.910,19.050,5.03
17.220,12.900,4.59
17.520,23.720,5.29
16.670,22.600,4.05
19.310,23.430,4.79
26.770,49.280,3.61
18.070,20.210,5.05
22.550,32.790,4.80
17.730,18.920,3.39
23.680,36.220,3.77
17.640,13.270,3.93
17.770,37.000,4.54
18.400,29.960,5.10
17.830,15.650,4.75
21.490,23.280,2.95
22.820,16.970,4.57
22.750,12.990,6.90
21.000,22.170,5.75
18.030,12.360,11.15
24.300,15.830,6.87
22.310,18.960,5.87
23.090,17.120,5.65
23.030,14.320,5.68
21.770,12.570,8.08
30.020,33.880,5.17
27.210,54.570,5.47
29.680,41.040,6.28
25.950,41.830,6.81
26.620,14.750,4.62
16.960,12.250,6.50
17.300,12.550,6.00
17.750,8.740,5.10
17.150,11.980,5.80
17.650,14.510,5.30
19.710,14.110,5.80
16.180,11.740,6.43
16.540,11.960,5.78
19.210,17.500,4.65
16.840,11.490,8.26
17.670,12.880,6.40
20.860,19.250,3.85
20.740,22.740,2.83
21.000,22.280,4.15
16.650,16.220,4.70
17.690,17.340,5.10
19.400,11.590,5.16
21.010,17.200,3.73
25.620,17.860,4.69
22.700,16.780,5.25
22.180,16.690,3.61
24.680,36.520,4.50
17.730,15.220,3.48
19.940,15.860,3.30
17.310,13.200,3.38
16.580,14.690,4.55
17.290,11.760,4.60
23.110,15.360,5.35
22.580,14.690,4.37
22.060,36.240,4.07
16.670,15.660,4.43
16.930,9.740,5.08
33.100,83.850,3.50
17.560,13.090,5.80
32.550,105.040,3.34
40.290,174.980,3.13
18.090,13.030,4.55
17.810,18.390,6.25
29.500,105.790,2.95
19.290,25.190,3.30
33.100,94.910,4.84
16.720,16.750,4.78
17.580,27.250,4.55
17.910,36.370,3.87
16.800,16.760,4.90
24.200,26.340,4.43
21.780,18.230,4.55
17.320,19.810,5.35
15.120,14.630,5.45
21.270,33.740,6.70
17.660,23.610,5.72
19.260,33.080,7.06
22.010,18.750,5.91
22.300,25.490,5.35
22.670,19.880,4.55
17.260,20.720,3.53
17.530,19.370,4.69
18.950,22.980,4.47
21.370,10.480,3.77
19.300,13.870,4.63
28.080,45.120,3.39
25.600,26.880,3.27
23.330,25.760,5.10
27.210,49.510,3.35
24.300,17.150,3.82
17.940,14.120,5.27
24.450,43.400,4.44
19.680,14.880,4.04
27.140,29.270,4.12
17.850,17.980,2.67
20.420,29.160,3.95
20.570,18.420,4.92
26.760,73.950,3.28
19.490,18.590,3.71
29.710,35.660,3.59
22.390,19.760,3.70
23.410,11.940,3.71
25.430,13.430,4.00
16.510,15.740,7.12
17.940,12.180,3.42
17.550,13.510,5.88
19.010,24.170,6.67
17.710,14.410,6.41
18.940,23.280,4.40
23.320,17.470,6.54
23.100,21.400,7.70
22.760,15.560,4.56
19.650,17.820,6.77
17.980,17.810,5.72
17.920,15.010,9.02
23.940,36.240,6.12
20.320,37.060,5.33
16.970,11.790,9.43
19.380,30.010,6.65
19.550,17.240,7.33
23.560,50.750,4.78
18.350,14.740,8.75
20.370,19.200,6.63
28.820,85.320,4.73
30.480,42.420,6.32
27.180,32.690,5.73
29.410,57.070,5.60
22.830,13.910,5.93
23.650,21.030,4.30
23.630,15.200,6.74
15.640,19.040,5.13
17.790,23.080,5.88
17.640,24.820,3.94
18.280,23.080,6.87
18.400,18.990,6.33
22.130,22.950,5.36
18.400,9.550,5.14
29.490,25.050,2.45
22.840,12.680,2.60
23.860,17.430,4.55
21.070,11.200,3.17
18.260,14.510,4.54
23.820,17.690,3.39
32.950,53.650,2.24
27.970,28.930,4.30
18.500,11.790,6.15
18.140,15.730,2.50
30.180,25.150,2.40
25.020,39.330,3.85
21.090,20.060,4.08
18.750,24.120,6.34
18.460,11.680,2.50
31.820,70.970,1.70
17.560,15.130,8.06
19.880,16.980,3.13
31.360,27.530,2.43
17.010,14.880,4.69
26.190,38.020,2.50
17.620,22.770,4.53
31.240,38.630,2.68
29.610,33.030,4.42
33.300,21.670,2.74
33.730,67.230,2.58
26.390,20.800,3.20
24.160,19.740,3.83
22.700,25.620,3.45
31.240,18.030,2.47
22.970,12.610,5.82
24.220,24.900,3.47
31.060,17.240,2.45
34.530,14.520,1.93
40.530,73.980,3.82
24.530,11.200,5.32
29.410,45.510,3.22
29.670,25.700,4.23
25.030,22.270,5.12
34.320,37.230,2.69
27.860,37.620,4.48
31.160,19.300,3.29
29.470,30.540,4.44
17.150,25.360,5.60
19.520,22.190,5.10
17.360,17.730,5.87
18.770,20.060,5.64
17.860,20.680,6.88
16.700,17.220,4.56
16.980,26.330,5.49
16.570,19.410,4.39
17.380,24.470,5.85
17.240,18.330,5.57
26.140,35.700,5.10
24.670,26.440,6.37
23.620,27.940,6.18
30.380,91.850,6.68
25.030,39.800,5.17
24.390,45.910,7.23
23.260,20.630,4.37
24.240,25.840,3.18
23.210,16.050,3.80
22.590,20.150,3.85
18.740,12.420,6.22
16.590,10.840,6.80
17.260,14.200,6.45
18.050,12.330,6.92
17.940,10.980,5.44
17.340,18.820,7.31
16.760,10.210,11.10
17.970,13.120,3.30
17.730,15.880,4.38
19.330,16.420,4.29
19.090,13.530,3.87
16.330,15.160,5.00
17.730,17.420,6.07
24.360,44.830,4.90
16.490,9.040,9.31
21.990,56.750,5.95
16.400,11.690,4.27
20.570,22.050,5.61
17.690,15.090,4.00
30.660,58.370,3.36
27.390,41.910,3.85
17.750,25.010,5.70
22.830,25.020,5.00
25.760,23.040,4.97
24.230,21.340,5.65
22.160,24.080,7.38
24.130,19.310,6.45
23.740,16.470,5.72
24.500,20.820,4.70
29.420,31.210,3.72
22.660,9.980,3.92
23.740,46.870,3.69
25.080,23.920,5.23
28.740,20.290,4.55
23.310,17.290,6.52
23.220,15.770,8.94
16.780,9.820,7.15
17.310,8.070,6.87
17.250,11.410,6.81
17.230,12.440,6.76
17.010,13.630,7.05
16.800,12.970,6.20
16.830,28.940,3.26
19.030,17.130,5.08
23.150,28.140,7.44
22.880,37.200,6.48
22.630,10.060,4.73
21.790,17.790,7.12
22.540,20.610,6.62
19.970,25.530,5.95
26.380,11.130,2.22
17.910,10.540,7.45
28.070,36.960,4.03
18.840,12.760,5.67
29.770,106.430,1.98
17.630,13.090,7.10
18.300,11.960,9.35
26.740,74.850,4.03
27.500,27.550,3.40
17.540,9.140,6.21
34.300,60.370,1.89
21.750,12.520,5.23
18.100,15.150,6.90
18.770,9.830,6.90
20.060,13.790,5.42
16.240,13.930,6.87
19.430,15.630,5.17
16.720,14.330,6.43
23.010,11.860,6.73
22.750,10.970,5.91
18.320,19.380,5.46
18.810,17.930,6.07
20.920,27.840,6.38
22.810,32.680,4.33
19.580,21.200,7.67
20.540,21.800,6.69
20.050,31.970,6.19
19.040,21.850,7.00
30.660,48.640,4.80
19.860,15.990,5.41
32.330,73.300,3.59
19.440,12.180,3.98
23.210,10.950,5.38
23.150,12.960,5.34
31.870,38.660,5.45
41.580,61.780,3.19
46.340,71.620,1.80
24.400,19.750,6.04
29.840,44.950,4.62
23.900,27.130,3.50
26.060,30.770,3.97
20.520,11.410,5.90
17.240,13.230,3.55
32.300,53.040,2.95
17.790,16.220,5.23
17.480,12.540,3.80
21.430,16.780,4.61
19.150,13.290,5.40
28.930,31.770,2.65
17.020,17.970,7.10
16.390,16.800,6.44
16.340,12.750,2.74
19.740,24.840,6.07
19.140,15.630,7.02
18.470,18.230,7.42
18.420,33.440,8.75
19.870,48.290,7.12
17.750,23.620,6.11
16.140,17.210,4.90
23.630,26.710,7.19
30.810,70.500,5.83
25.740,42.550,3.83
18.830,15.840,5.48
16.860,12.200,4.40
22.470,94.210,4.40
18.800,21.660,3.84
18.530,17.990,3.87
20.770,28.700,4.00
17.810,13.660,5.06
23.140,58.670,4.02
21.070,18.320,2.82
23.660,19.310,4.61
22.710,25.880,4.36
19.520,23.750,5.48
17.340,14.470,4.51
19.250,53.790,6.06
17.320,20.650,3.97
23.260,28.660,4.18
20.090,25.050,4.43
18.310,26.010,7.36
16.890,14.080,9.47
17.890,16.000,7.69
17.670,14.500,7.13
16.420,16.230,7.60
17.640,13.550,4.40
17.780,13.890,6.23
25.990,19.070,6.65
22.950,18.900,6.10
22.530,23.560,4.96
24.650,17.630,6.63
34.050,71.430,4.70
22.580,16.310,5.65
29.830,30.460,4.68
34.190,18.450,4.18
22.550,17.670,5.06
22.950,14.940,5.45
21.590,21.740,6.92
25.000,14.990,6.39
25.640,40.570,3.38
19.200,13.780,3.97
18.640,10.270,5.72
16.990,14.450,3.68
16.870,11.210,6.10
18.330,11.450,5.69
18.230,11.980,7.00
18.990,12.270,6.10
23.200,26.520,4.05
18.970,11.060,7.08
20.210,18.430,4.52
20.330,18.270,5.32
18.570,12.600,5.93
28.910,83.000,3.41
19.290,13.210,5.10
28.480,23.630,6.50
18.010,16.930,4.80
16.650,19.810,5.48
32.860,51.870,3.27
18.270,20.260,5.23
25.080,38.940,7.70
22.990,45.570,4.00
22.710,25.290,4.95
28.080,60.750,3.57
30.470,49.930,3.40
24.820,38.070,4.19
26.250,31.470,3.03
33.350,83.400,2.20
22.610,50.950,8.98
20.250,42.580,5.92
20.280,12.150,4.10
21.920,18.850,4.85
23.910,12.340,3.93
26.500,25.670,4.65
25.190,15.200,3.96
24.360,13.250,4.69
17.580,13.990,4.97
16.260,12.660,5.11
16.550,15.360,4.78
23.260,28.980,8.22
25.090,15.160,5.38
27.150,26.670,6.99
24.670,16.540,4.76
18.680,16.500,6.65
20.780,17.460,4.20
18.260,21.620,4.10
17.230,16.130,6.02
18.970,22.130,7.23
33.960,83.350,3.07
18.620,15.890,6.63
32.700,96.730,4.99
17.890,17.810,8.28
18.690,26.060,5.20
17.550,13.280,7.41
16.020,14.890,4.20
17.210,20.590,5.14
17.060,17.550,4.45
21.680,27.940,5.40
18.900,23.840,4.20
16.830,19.000,6.43
23.430,23.320,6.00
23.570,32.240,6.88
25.590,25.900,6.20
16.960,15.890,5.67
18.480,14.850,7.65
17.940,23.480,5.73
18.830,33.120,5.34
17.220,30.460,4.92
16.950,15.710,4.05
22.580,22.350,5.51
24.260,25.500,6.12
23.970,19.850,6.62
16.640,14.860,4.22
18.340,27.760,4.40
19.520,40.720,4.17
16.950,23.170,5.08
17.170,26.180,6.40
18.620,19.770,3.88
16.370,30.630,5.80
25.150,47.320,8.86
22.790,19.230,3.98
16.900,11.660,7.30
17.790,13.240,6.32
22.620,22.050,9.49
21.770,14.270,5.03
24.760,20.810,5.51
18.010,10.520,5.09
25.120,29.010,6.60
17.510,11.260,5.77
20.150,14.000,3.89
17.550,8.970,7.23
18.570,9.630,7.07
21.650,35.820,5.95
18.340,8.700,4.90
17.730,12.680,6.82
18.420,20.150,5.90
19.100,20.370,7.14
16.070,12.590,6.73
24.980,22.960,3.40
23.810,8.640,4.90
23.540,9.780,5.58
27.730,14.180,4.80
26.730,53.130,3.50
30.020,33.830,4.08
19.320,18.180,5.10
18.870,9.860,8.87
19.580,23.900,3.68
29.970,42.640,8.06
19.870,8.170,4.82
18.590,6.620,6.72
32.610,44.380,3.68
24.270,10.270,3.13
24.470,13.290,4.50
30.220,34.300,3.97
32.410,39.340,4.59
23.710,17.230,5.25
19.950,16.440,5.95
18.120,15.400,5.83
30.560,21.570,4.43
21.040,37.220,5.50
29.410,11.640,5.05
27.300,30.120,4.00
24.610,25.380,6.75
30.960,88.380,6.40
18.700,11.330,3.23
25.510,68.910,8.12
28.060,65.070,6.89
24.420,22.740,6.56
31.860,66.190,2.57
34.160,39.920,6.29
16.220,8.580,4.87
26.380,64.490,2.25
23.620,21.440,3.84
23.250,18.580,2.93
16.750,23.040,3.60
20.740,18.510,4.19
27.000,96.380,1.73
29.970,61.270,2.48
20.140,26.500,4.16
34.740,93.420,2.05
15.780,12.400,3.44
26.390,28.710,2.59
32.420,50.330,2.00
15.060,16.350,3.51
17.950,26.680,3.87
17.550,20.560,3.30
22.140,15.930,4.02
25.020,36.750,5.01
28.150,26.720,4.20
16.810,12.090,5.60
22.440,10.640,4.91
22.320,14.470,5.45
36.740,42.780,2.65
23.660,13.140,4.10
24.790,17.620,6.01
24.210,21.930,4.43
15.540,19.060,4.95
17.750,13.580,3.33
19.070,10.330,4.27
17.510,10.450,4.91
18.350,13.940,5.00
26.330,25.830,3.75
17.050,13.140,3.23
18.880,16.040,6.79
19.120,11.620,5.81
17.720,21.390,4.90
17.130,13.250,5.60
17.960,21.550,7.05
16.670,21.250,7.44
17.670,19.290,5.85
22.710,19.680,5.30
23.170,20.290,6.50
22.780,20.520,4.77
19.300,39.100,5.84
17.980,30.520,7.65
27.540,45.820,5.03
17.780,30.460,6.70
17.290,19.670,5.37
18.290,20.390,7.60
19.480,30.460,8.66
16.920,18.100,3.98
18.060,22.520,5.81
21.940,15.410,4.95
17.120,13.530,5.03
17.590,12.650,5.00
16.880,16.220,4.40
24.140,25.790,8.52
23.230,21.910,8.08
16.320,11.300,6.02
19.630,10.980,5.40
18.230,12.800,7.52
19.030,19.080,5.80
16.410,14.030,6.45
16.000,23.390,6.10
18.430,15.870,5.37
28.570,46.170,3.58
16.800,17.600,5.71
17.210,16.080,6.07
19.230,12.970,6.30
19.020,11.930,5.12
29.660,40.830,4.10
19.100,10.660,4.95
22.090,17.510,5.48
18.080,8.290,5.67
18.540,9.870,5.95
18.080,13.430,4.38
20.830,16.900,4.25
24.710,16.110,4.25
33.690,55.940,2.92
24.370,13.300,6.00
20.610,23.480,4.64
29.350,15.780,3.26
16.830,13.290,6.67
18.850,8.820,5.66
18.840,11.820,6.09
23.280,17.450,3.14
16.320,10.490,6.60
16.920,12.060,6.41
15.630,20.140,6.48
17.080,16.160,7.42
15.990,18.000,7.89
17.310,17.120,5.95
16.890,19.300,6.38
19.030,37.440,5.63
23.840,28.210,6.30
21.930,15.860,5.01
21.910,20.640,5.91